"1","2","Ijaaz","Lagardien","081 477 8880 "
"2","3","Marc","Marquez","021 862 9393"
"3","4","Jorge","Lorenzo","011 872 9999"
"4","5","Dani","Pedrosa","021 863 2626"
"5","6","Casey","Stoner","021 862 2727"
"6","7","Andrea","Dovisiozo","011 862 0404"
"7","8","Valentino","Rossi","073 6546 375"
"8","10","Tony","Stark","555 465 1234"
"9","11","Steve","Rodgers","555 6541 123"
"10","12","Natasha","Romanoff","555 789 321"
"11","13","Bruce","Banner","555 786 123"
"12","14","Clint","Barton","555 911 789"
"13","15","Barry","Allen","555 675 638"
"14","16","Sebatian","Vettel","555 783 455"
"15","17","Kimi","Raikkonen","555 776 122"
"16","18","Paul","Pogba","555 467 699"
"17","19","Lionel","Messi","555 468 1010"
"18","20","Cristiano","Ronaldo","555 777 8912"
"19","21","Zlatan","Ibrahimovic","555 999 1234"
"20","22","Antoine","Griezmann","555 777 1289"
